INSERT INTO poll (poll_id, question) VALUES (1001, 'What is your favorite color?');
INSERT INTO option (option_id, option_value, poll_id) VALUES (1001, 'Red', 1001);
INSERT INTO option (option_id, option_value, poll_id) VALUES (1002, 'Black', 1001);
INSERT INTO option (option_id, option_value, poll_id) VALUES (1003, 'Blue', 1001);
INSERT INTO option (option_id, option_value, poll_id) VALUES (1004, 'White', 1001);

INSERT INTO poll (poll_id, question) VALUES (1002, 'What is your favorite Credit Card?');
INSERT INTO option (option_id, option_value, poll_id) VALUES (1005, 'American Express', 1002);
INSERT INTO option (option_id, option_value, poll_id) VALUES (1006, 'Visa', 1002);
INSERT INTO option (option_id, option_value, poll_id) VALUES (1007, 'Master Card', 1002);
INSERT INTO option (option_id, option_value, poll_id) VALUES (1008, 'Discover', 1002);

INSERT INTO poll (poll_id, question) VALUES (1003, 'What is your favorite Sport?');
INSERT INTO option (option_id, option_value, poll_id) VALUES (1009, 'Football', 1003);
INSERT INTO option (option_id, option_value, poll_id) VALUES (1010, 'Basketball', 1003);
INSERT INTO option (option_id, option_value, poll_id) VALUES (1011, 'Cricket', 1003);
INSERT INTO option (option_id, option_value, poll_id) VALUES (1012, 'Baseball', 1003);

INSERT INTO poll (poll_id, question) VALUES (1004, 'How long have you used spring framework?');
INSERT INTO option (option_id, option_value, poll_id) VALUES (1013, 'One Year', 1004);
INSERT INTO option (option_id, option_value, poll_id) VALUES (1014, 'Two Years', 1004);
INSERT INTO option (option_id, option_value, poll_id) VALUES (1015, 'Three Years', 1004);
INSERT INTO option (option_id, option_value, poll_id) VALUES (1016, 'Four Years', 1004);

INSERT INTO poll (poll_id, question) VALUES (1005, 'How do you rate overall satisfaction with Apress Books?');
INSERT INTO option (option_id, option_value, poll_id) VALUES (1017, 'Very Satisfied', 1005);
INSERT INTO option (option_id, option_value, poll_id) VALUES (1018, 'Somewhat Satisfied', 1005);
INSERT INTO option (option_id, option_value, poll_id) VALUES (1019, 'Neutral', 1005);
INSERT INTO option (option_id, option_value, poll_id) VALUES (1020, 'Somewhat Dissatisfied', 1005);
INSERT INTO option (option_id, option_value, poll_id) VALUES (1021, 'Dissatisfied', 1005);

INSERT INTO poll (poll_id, question) VALUES (1006, 'What is your favorite Disney Movie?');
INSERT INTO option (option_id, option_value, poll_id) VALUES (1022, 'Cars', 1006);
INSERT INTO option (option_id, option_value, poll_id) VALUES (1023, 'Toy Story', 1006);

INSERT INTO poll (poll_id, question) VALUES (1007, 'Who is going to win 2016 elections in United States ?');
INSERT INTO option (option_id, option_value, poll_id) VALUES (1024, 'Democrat', 1007);
INSERT INTO option (option_id, option_value, poll_id) VALUES (1025, 'Republican', 1007);

INSERT INTO poll (poll_id, question) VALUES (1008, 'Who is going to host next Olympics?');
INSERT INTO option (option_id, option_value, poll_id) VALUES (1026, 'Brazil', 1008);
INSERT INTO option (option_id, option_value, poll_id) VALUES (1027, 'USA', 1008);
INSERT INTO option (option_id, option_value, poll_id) VALUES (1028, 'UK', 1008);

INSERT INTO poll (poll_id, question) VALUES (1009, 'What is the rhinos horn made of?');
INSERT INTO option (option_id, option_value, poll_id) VALUES (1029, 'Bone', 1009);
INSERT INTO option (option_id, option_value, poll_id) VALUES (1030, 'Hair', 1009);
INSERT INTO option (option_id, option_value, poll_id) VALUES (1031, 'Skin', 1009);

INSERT INTO poll (poll_id, question) VALUES (1010, 'Entomology is the science that studies?');
INSERT INTO option (option_id, option_value, poll_id) VALUES (1032, 'insects', 1010);
INSERT INTO option (option_id, option_value, poll_id) VALUES (1033, 'Formation of Rocks', 1010);
INSERT INTO option (option_id, option_value, poll_id) VALUES (1034, 'Birds', 1010);
INSERT INTO option (option_id, option_value, poll_id) VALUES (1035, 'Light', 1010);

INSERT INTO poll (poll_id, question) VALUES (1011, 'How many toes does a dog have?');
INSERT INTO option (option_id, option_value, poll_id) VALUES (1036, '5', 1011);
INSERT INTO option (option_id, option_value, poll_id) VALUES (1037, '10', 1011);
INSERT INTO option (option_id, option_value, poll_id) VALUES (1038, '12', 1011);
INSERT INTO option (option_id, option_value, poll_id) VALUES (1039, '8', 1011);

INSERT INTO poll (poll_id, question) VALUES (1012, 'Which is the smallest ocean in the world?');
INSERT INTO option (option_id, option_value, poll_id) VALUES (1040, 'Arctic Ocean', 1012);
INSERT INTO option (option_id, option_value, poll_id) VALUES (1041, 'Indian Ocean', 1012);
INSERT INTO option (option_id, option_value, poll_id) VALUES (1042, 'Pacific Ocean', 1012);
INSERT INTO option (option_id, option_value, poll_id) VALUES (1043, 'Atlantic Ocean', 1012);

INSERT INTO poll (poll_id, question) VALUES (1013, 'What is the biggest State in the US?');
INSERT INTO option (option_id, option_value, poll_id) VALUES (1044, 'Texas', 1013);
INSERT INTO option (option_id, option_value, poll_id) VALUES (1045, 'California', 1013);
INSERT INTO option (option_id, option_value, poll_id) VALUES (1046, 'Florida', 1013);
INSERT INTO option (option_id, option_value, poll_id) VALUES (1047, 'Alaska', 1013);

INSERT INTO poll (poll_id, question) VALUES (1014, 'Famous Online Shopping Sites?');
INSERT INTO option (option_id, option_value, poll_id) VALUES (1048, 'Amazon', 1014);
INSERT INTO option (option_id, option_value, poll_id) VALUES (1049, 'Overstock', 1014);
INSERT INTO option (option_id, option_value, poll_id) VALUES (1050, 'ebay', 1014);

INSERT INTO poll (poll_id, question) VALUES (1015, 'How many keys are on a standard piano?');
INSERT INTO option (option_id, option_value, poll_id) VALUES (1051, '66', 1015);
INSERT INTO option (option_id, option_value, poll_id) VALUES (1052, '44', 1015);
INSERT INTO option (option_id, option_value, poll_id) VALUES (1053, '88', 1015);
INSERT INTO option (option_id, option_value, poll_id) VALUES (1054, '122', 1015);

INSERT INTO poll (poll_id, question) VALUES (1016, 'Which country gave America the Statue of Liberty?');
INSERT INTO option (option_id, option_value, poll_id) VALUES (1055, 'Canada', 1016);
INSERT INTO option (option_id, option_value, poll_id) VALUES (1056, 'France', 1016);
INSERT INTO option (option_id, option_value, poll_id) VALUES (1057, 'Germany', 1016);
INSERT INTO option (option_id, option_value, poll_id) VALUES (1058, 'England', 1016);

INSERT INTO poll (poll_id, question) VALUES (1017, 'Best Christmas Gift?');
INSERT INTO option (option_id, option_value, poll_id) VALUES (1059, 'Smartphone', 1017);
INSERT INTO option (option_id, option_value, poll_id) VALUES (1060, 'Car', 1017);
INSERT INTO option (option_id, option_value, poll_id) VALUES (1061, 'House', 1017);
INSERT INTO option (option_id, option_value, poll_id) VALUES (1062, 'World Trip', 1017);

INSERT INTO poll (poll_id, question) VALUES (1018, 'Favorite Vaccation Place?');
INSERT INTO option (option_id, option_value, poll_id) VALUES (1063, 'Paris', 1018);
INSERT INTO option (option_id, option_value, poll_id) VALUES (1064, 'Hawaii', 1018);
INSERT INTO option (option_id, option_value, poll_id) VALUES (1065, 'Sydney', 1018);
INSERT INTO option (option_id, option_value, poll_id) VALUES (1066, 'Tokyo', 1018);

INSERT INTO poll (poll_id, question) VALUES (1019, 'Philology is the study of?');
INSERT INTO option (option_id, option_value, poll_id) VALUES (1067, 'Bones', 1019);
INSERT INTO option (option_id, option_value, poll_id) VALUES (1068, 'Muscles', 1019);
INSERT INTO option (option_id, option_value, poll_id) VALUES (1069, 'Architecture', 1019);
INSERT INTO option (option_id, option_value, poll_id) VALUES (1070, 'Languages', 1019);

INSERT INTO poll (poll_id, question) VALUES (1020, 'How many rings are on the Olympic flag?');
INSERT INTO option (option_id, option_value, poll_id) VALUES (1071, '6', 1020);
INSERT INTO option (option_id, option_value, poll_id) VALUES (1072, '8', 1020);
INSERT INTO option (option_id, option_value, poll_id) VALUES (1073, '5', 1020);
INSERT INTO option (option_id, option_value, poll_id) VALUES (1074, '4', 1020);


INSERT INTO users (user_id, username, password, first_name, last_name, admin) VALUES (1001, 'mickey', '$2a$10$kSqU.ek5pDRMMK21tHJlceS1xOc9Kna4F0DD2ZwQH/LAzH0ML0p6.', 'Mickey', 'Mouse', 'no');
INSERT INTO users (user_id, username, password, first_name, last_name, admin) VALUES (1002, 'minnie', '$2a$10$MnHcLn.XdLx.iMntXsmdgeO1B4wAW1E5GOy/VrLUmr4aAzabXnGFq', 'Minnie', 'Mouse', 'no');
INSERT INTO users (user_id, username, password, first_name, last_name, admin) VALUES (1003, 'donald', '$2a$10$0UCBI04PCXiK0pF/9kI7.uAXiHNQeeHdkv9NhA1/xgmRpfd4qxRMG', 'Donald', 'Duck', 'no');
INSERT INTO users (user_id, username, password, first_name, last_name, admin) VALUES (1004, 'daisy', '$2a$10$aNoR88g5b5TzSKb7mQ1nQOkyEwfHVQOxHY0HX7irI8qWINvLDWRyS', 'Daisy', 'Duck', 'no');
INSERT INTO users (user_id, username, password, first_name, last_name, admin) VALUES (1005, 'clarabelle', '$2a$10$cuTJd2ayEwXfsPdoF5/hde6gzsPx/gEiv8LZsjPN9VPoN5XVR8cKW', 'Clarabelle', 'Cow', 'no');
INSERT INTO users (user_id, username, password, first_name, last_name, admin) VALUES (1006, 'admin', '$2a$10$JQOfG5Tqnf97SbGcKsalz.XpDQbXi1APOf2SHPVW27bWNioi9nI8y', 'Super', 'Admin', 'yes');
