insert into poll (poll_id, question) values (1001, 'What is your favorite color?');
insert into option (option_id, option_value, poll_id) values (1001, 'Red', 1001);
insert into option (option_id, option_value, poll_id) values (1002, 'Black', 1001);
insert into option (option_id, option_value, poll_id) values (1003, 'Blue', 1001);
insert into option (option_id, option_value, poll_id) values (1004, 'White', 1001);

insert into poll (poll_id, question) values (1002, 'What is your favorite Credit Card?');
insert into option (option_id, option_value, poll_id) values (1005, 'American Express', 1002);
insert into option (option_id, option_value, poll_id) values (1006, 'Visa', 1002);
insert into option (option_id, option_value, poll_id) values (1007, 'Master Card', 1002);
insert into option (option_id, option_value, poll_id) values (1008, 'Discover', 1002);

insert into poll (poll_id, question) values (1003, 'What is your favorite Sport?');
insert into option (option_id, option_value, poll_id) values (1009, 'Football', 1003);
insert into option (option_id, option_value, poll_id) values (1010, 'Basketball', 1003);
insert into option (option_id, option_value, poll_id) values (1011, 'Cricket', 1003);
insert into option (option_id, option_value, poll_id) values (1012, 'Baseball', 1003);

insert into poll (poll_id, question) values (1004, 'How long have you used spring framework?');
insert into option (option_id, option_value, poll_id) values (1013, 'One Year', 1004);
insert into option (option_id, option_value, poll_id) values (1014, 'Two Years', 1004);
insert into option (option_id, option_value, poll_id) values (1015, 'Three Years', 1004);
insert into option (option_id, option_value, poll_id) values (1016, 'Four Years', 1004);

insert into poll (poll_id, question) values (1005, 'How do you rate overall satisfaction with Apress Books?');
insert into option (option_id, option_value, poll_id) values (1017, 'Very Satisfied', 1005);
insert into option (option_id, option_value, poll_id) values (1018, 'Somewhat Satisfied', 1005);
insert into option (option_id, option_value, poll_id) values (1019, 'Neutral', 1005);
insert into option (option_id, option_value, poll_id) values (1020, 'Somewhat Dissatisfied', 1005);
insert into option (option_id, option_value, poll_id) values (1021, 'Dissatisfied', 1005);

insert into poll (poll_id, question) values (1006, 'What is your favorite Disney Movie?');
insert into option (option_id, option_value, poll_id) values (1022, 'Cars', 1006);
insert into option (option_id, option_value, poll_id) values (1023, 'Toy Story', 1006);

insert into poll (poll_id, question) values (1007, 'Who is going to win 2016 elections in United States ?');
insert into option (option_id, option_value, poll_id) values (1024, 'Democrat', 1007);
insert into option (option_id, option_value, poll_id) values (1025, 'Republican', 1007);

insert into poll (poll_id, question) values (1008, 'Who is going to host next Olympics?');
insert into option (option_id, option_value, poll_id) values (1026, 'Brazil', 1008);
insert into option (option_id, option_value, poll_id) values (1027, 'USA', 1008);
insert into option (option_id, option_value, poll_id) values (1028, 'UK', 1008);

insert into poll (poll_id, question) values (1009, 'What is the rhinos horn made of?');
insert into option (option_id, option_value, poll_id) values (1029, 'Bone', 1009);
insert into option (option_id, option_value, poll_id) values (1030, 'Hair', 1009);
insert into option (option_id, option_value, poll_id) values (1031, 'Skin', 1009);

insert into poll (poll_id, question) values (1010, 'Entomology is the science that studies?');
insert into option (option_id, option_value, poll_id) values (1032, 'insects', 1010);
insert into option (option_id, option_value, poll_id) values (1033, 'Formation of Rocks', 1010);
insert into option (option_id, option_value, poll_id) values (1034, 'Birds', 1010);
insert into option (option_id, option_value, poll_id) values (1035, 'Light', 1010);

insert into poll (poll_id, question) values (1011, 'How many toes does a dog have?');
insert into option (option_id, option_value, poll_id) values (1036, '5', 1011);
insert into option (option_id, option_value, poll_id) values (1037, '10', 1011);
insert into option (option_id, option_value, poll_id) values (1038, '12', 1011);
insert into option (option_id, option_value, poll_id) values (1039, '8', 1011);

insert into poll (poll_id, question) values (1012, 'Which is the smallest ocean in the world?');
insert into option (option_id, option_value, poll_id) values (1040, 'Arctic Ocean', 1012);
insert into option (option_id, option_value, poll_id) values (1041, 'Indian Ocean', 1012);
insert into option (option_id, option_value, poll_id) values (1042, 'Pacific Ocean', 1012);
insert into option (option_id, option_value, poll_id) values (1043, 'Atlantic Ocean', 1012);

insert into poll (poll_id, question) values (1013, 'What is the biggest State in the US?');
insert into option (option_id, option_value, poll_id) values (1044, 'Texas', 1013);
insert into option (option_id, option_value, poll_id) values (1045, 'California', 1013);
insert into option (option_id, option_value, poll_id) values (1046, 'Florida', 1013);
insert into option (option_id, option_value, poll_id) values (1047, 'Alaska', 1013);

insert into poll (poll_id, question) values (1014, 'Famous Online Shopping Sites?');
insert into option (option_id, option_value, poll_id) values (1048, 'Amazon', 1014);
insert into option (option_id, option_value, poll_id) values (1049, 'Overstock', 1014);
insert into option (option_id, option_value, poll_id) values (1050, 'ebay', 1014);

insert into poll (poll_id, question) values (1015, 'How many keys are on a standard piano?');
insert into option (option_id, option_value, poll_id) values (1051, '66', 1015);
insert into option (option_id, option_value, poll_id) values (1052, '44', 1015);
insert into option (option_id, option_value, poll_id) values (1053, '88', 1015);
insert into option (option_id, option_value, poll_id) values (1054, '122', 1015);

insert into poll (poll_id, question) values (1016, 'Which country gave America the Statue of Liberty?');
insert into option (option_id, option_value, poll_id) values (1055, 'Canada', 1016);
insert into option (option_id, option_value, poll_id) values (1056, 'France', 1016);
insert into option (option_id, option_value, poll_id) values (1057, 'Germany', 1016);
insert into option (option_id, option_value, poll_id) values (1058, 'England', 1016);

insert into poll (poll_id, question) values (1017, 'Best Christmas Gift?');
insert into option (option_id, option_value, poll_id) values (1059, 'Smartphone', 1017);
insert into option (option_id, option_value, poll_id) values (1060, 'Car', 1017);
insert into option (option_id, option_value, poll_id) values (1061, 'House', 1017);
insert into option (option_id, option_value, poll_id) values (1062, 'World Trip', 1017);

insert into poll (poll_id, question) values (1018, 'Favorite Vaccation Place?');
insert into option (option_id, option_value, poll_id) values (1063, 'Paris', 1018);
insert into option (option_id, option_value, poll_id) values (1064, 'Hawaii', 1018);
insert into option (option_id, option_value, poll_id) values (1065, 'Sydney', 1018);
insert into option (option_id, option_value, poll_id) values (1066, 'Tokyo', 1018);

insert into poll (poll_id, question) values (1019, 'Philology is the study of?');
insert into option (option_id, option_value, poll_id) values (1067, 'Bones', 1019);
insert into option (option_id, option_value, poll_id) values (1068, 'Muscles', 1019);
insert into option (option_id, option_value, poll_id) values (1069, 'Architecture', 1019);
insert into option (option_id, option_value, poll_id) values (1070, 'Languages', 1019);

insert into poll (poll_id, question) values (1020, 'How many rings are on the Olympic flag?');
insert into option (option_id, option_value, poll_id) values (1071, '6', 1020);
insert into option (option_id, option_value, poll_id) values (1072, '8', 1020);
insert into option (option_id, option_value, poll_id) values (1073, '5', 1020);
insert into option (option_id, option_value, poll_id) values (1074, '4', 1020);


insert into users (user_id, username, password, first_name, last_name, admin) values (1001, 'mickey', '$2a$10$kSqU.ek5pDRMMK21tHJlceS1xOc9Kna4F0DD2ZwQH/LAzH0ML0p6.', 'Mickey', 'Mouse', 'no');
insert into users (user_id, username, password, first_name, last_name, admin) values (1002, 'minnie', '$2a$10$MnHcLn.XdLx.iMntXsmdgeO1B4wAW1E5GOy/VrLUmr4aAzabXnGFq', 'Minnie', 'Mouse', 'no');
insert into users (user_id, username, password, first_name, last_name, admin) values (1003, 'donald', '$2a$10$0UCBI04PCXiK0pF/9kI7.uAXiHNQeeHdkv9NhA1/xgmRpfd4qxRMG', 'Donald', 'Duck', 'no');
insert into users (user_id, username, password, first_name, last_name, admin) values (1004, 'daisy', '$2a$10$aNoR88g5b5TzSKb7mQ1nQOkyEwfHVQOxHY0HX7irI8qWINvLDWRyS', 'Daisy', 'Duck', 'no');
insert into users (user_id, username, password, first_name, last_name, admin) values (1005, 'clarabelle', '$2a$10$cuTJd2ayEwXfsPdoF5/hde6gzsPx/gEiv8LZsjPN9VPoN5XVR8cKW', 'Clarabelle', 'Cow', 'no');
insert into users (user_id, username, password, first_name, last_name, admin) values (1006, 'admin', '$2a$10$JQOfG5Tqnf97SbGcKsalz.XpDQbXi1APOf2SHPVW27bWNioi9nI8y', 'Super', 'Admin', 'yes');
